frame,seconds,event
747,74.70,"Print - Z3D was railed by MaDdoX_"
1980,198.00,"Print - MavZZ was railed by MaDdoX_"
2863,286.30,"Print - MavZZ was railed by MaDdoX_"
4297,429.70,"Print - Z3D was railed by MaDdoX_"
5683,568.30,"Print - MavZZ was railed by MaDdoX_"
5855,585.50,"Print - Z3D was railed by MaDdoX_"
7392,739.20,"Print - MavZZ was railed by MaDdoX_"
7721,772.10,"Print - MavZZ was railed by MaDdoX_"
8761,876.10,"Print - Z3D was railed by MaDdoX_"
8837,883.70,"Print - MavZZ was railed by MaDdoX_"
9389,938.90,"Print - Z3D was railed by MaDdoX_"
10082,1008.20,"Print - MavZZ was railed by MaDdoX_"
10125,1012.50,"Print - MavZZ was railed by MaDdoX_"
